{
    "name" :            "Daz",

    "description" :     "Rig for use with Daz/Poser",

    "bones" : {
        "hips":         "hip",
        "spine":        "abdomen",

        "clavicle.L":   "lCollar",
        "upper_arm.L":  "lShldr",
        "forearm.L":    "lForeArm",
        "hand.L":       "lHand",

        "clavicle.R":   "rCollar",
        "upper_arm.R":  "rShldr",
        "forearm.R":    "rForeArm",
        "hand.R":       "rHand",

        "thigh.L":      "lThigh",
        "shin.L":       "lShin",
        "foot.L":       "lFoot",

        "thigh.R":      "rThigh",
        "shin.R":       "rShin",
        "foot.R":       "rFoot"
    },

    "merge" : {
            "spine":        ["spine", "spine-1"],
            
            "chest":        ["chest", "chest-1"],

            "head":         ["uplid.L", "lolid.L", "uplid.R", "lolid.R", "jaw",
                             "tongue_base", "tongue_mid", "tongue_tip", "eye.L", "eye.R"],
                             
            "clavicle.L":   ["clavicle.L", "deltoid.L"],                             

            "clavicle.R":   ["clavicle.R", "deltoid.R"],                             

            "hand.L":       ["hand.L", "palm_index.L", "palm_middle.L", "palm_ring.L", "palm_pinky.L",
                             "thumb.01.L", "thumb.02.L", "thumb.03.L",
                             "f_index.01.L", "f_index.02.L", "f_index.03.L",
                             "f_middle.01.L", "f_middle.02.L", "f_middle.03.L",
                             "f_ring.01.L", "f_ring.02.L", "f_ring.03.L",
                             "f_pinky.01.L", "f_pinky.02.L", "f_pinky.03.L"],

            "hand.R":       ["hand.R", "palm_index.R", "palm_middle.R", "palm_ring.R", "palm_pinky.R",
                             "thumb.01.R", "thumb.02.R", "thumb.03.R",
                             "f_index.01.R", "f_index.02.R", "f_index.03.R",
                             "f_middle.01.R", "f_middle.02.R", "f_middle.03.R",
                             "f_ring.01.R", "f_ring.02.R", "f_ring.03.R",
                             "f_pinky.01.R", "f_pinky.02.R", "f_pinky.03.R"],
                             
            "foot.L":       ["foot.L", "toe.L"],                             

            "foot.R":       ["foot.R", "toe.R"]
    }
}
