{
    "name" : "Rigify",

    "description" : "A rig intended for use with Blender's Rigify plugin.",

    "settings" : {
    	"useRigify" : true,
        "useMuscles" : true,
        "useSplitNames" : true,
        "useDeformNames" : true,
        "mergeShoulders" : true,

        "useCustomShapes" : "FACE",
        "useConstraints" : true,
        "useLocks" : false,
        "useBoneGroups" : false,
        "useCorrectives": false
    },

    "bones" : {
        "clavicle.L" : "shoulder.L",
        "clavicle.R" : "shoulder.R",

        "palm_index.L" : "palm.01.L",
        "palm_middle.L" : "palm.02.L",
        "palm_ring.L" : "palm.03.L",
        "palm_pinky.L" : "palm.04.L",

        "palm_index.R" : "palm.01.R",
        "palm_middle.R" : "palm.02.R",
        "palm_ring.R" : "palm.03.R",
        "palm_pinky.R" : "palm.04.R"
    },

    "merge" : {
        "shin.L":        ["knee_fan.L", "shin.L"],
        "shin.R":        ["knee_fan.R", "shin.R"],

        "forearm.L":     ["elbow_fan.L", "forearm.L"],
        "forearm.R":     ["elbow_fan.R", "forearm.R"]
    }    
}